utterance_id,audio_path,speaker_id,district,age_group,gender,duration_sec,language,dialect,domain,transcript,transcript_status,recording_quality,consent_status,source,license,split
VAHNT_JHN_001,audio/JHN_001.mp3,unknown,unknown,,,473.568,mr,varhadi,scripture,,not_available,unchecked,not_applicable_published,bible.com VAHNT audio Bible (version 3451),"unverified: local research use only, see README Dataset provenance",unassigned
VAHNT_JHN_002,audio/JHN_002.mp3,unknown,unknown,,,247.632,mr,varhadi,scripture,,not_available,unchecked,not_applicable_published,bible.com VAHNT audio Bible (version 3451),"unverified: local research use only, see README Dataset provenance",unassigned
VAHNT_JHN_003,audio/JHN_003.mp3,unknown,unknown,,,352.008,mr,varhadi,scripture,,not_available,unchecked,not_applicable_published,bible.com VAHNT audio Bible (version 3451),"unverified: local research use only, see README Dataset provenance",unassigned
VAHNT_JHN_004,audio/JHN_004.mp3,unknown,unknown,,,522.792,mr,varhadi,scripture,,not_available,unchecked,not_applicable_published,bible.com VAHNT audio Bible (version 3451),"unverified: local research use only, see README Dataset provenance",unassigned
VAHNT_JHN_005,audio/JHN_005.mp3,unknown,unknown,,,494.616,mr,varhadi,scripture,,not_available,unchecked,not_applicable_published,bible.com VAHNT audio Bible (version 3451),"unverified: local research use only, see README Dataset provenance",unassigned
VAHNT_JHN_006,audio/JHN_006.mp3,unknown,unknown,,,666.072,mr,varhadi,scripture,,not_available,unchecked,not_applicable_published,bible.com VAHNT audio Bible (version 3451),"unverified: local research use only, see README Dataset provenance",unassigned
VAHNT_JHN_007,audio/JHN_007.mp3,unknown,unknown,,,496.728,mr,varhadi,scripture,,not_available,unchecked,not_applicable_published,bible.com VAHNT audio Bible (version 3451),"unverified: local research use only, see README Dataset provenance",unassigned
VAHNT_JHN_008,audio/JHN_008.mp3,unknown,unknown,,,609.576,mr,varhadi,scripture,,not_available,unchecked,not_applicable_published,bible.com VAHNT audio Bible (version 3451),"unverified: local research use only, see README Dataset provenance",unassigned
VAHNT_JHN_009,audio/JHN_009.mp3,unknown,unknown,,,404.952,mr,varhadi,scripture,,not_available,unchecked,not_applicable_published,bible.com VAHNT audio Bible (version 3451),"unverified: local research use only, see README Dataset provenance",unassigned
VAHNT_JHN_010,audio/JHN_010.mp3,unknown,unknown,,,390.024,mr,varhadi,scripture,,not_available,unchecked,not_applicable_published,bible.com VAHNT audio Bible (version 3451),"unverified: local research use only, see README Dataset provenance",unassigned
VAHNT_JHN_011,audio/JHN_011.mp3,unknown,unknown,,,521.544,mr,varhadi,scripture,,not_available,unchecked,not_applicable_published,bible.com VAHNT audio Bible (version 3451),"unverified: local research use only, see README Dataset provenance",unassigned
VAHNT_JHN_012,audio/JHN_012.mp3,unknown,unknown,,,538.464,mr,varhadi,scripture,,not_available,unchecked,not_applicable_published,bible.com VAHNT audio Bible (version 3451),"unverified: local research use only, see README Dataset provenance",unassigned
VAHNT_JHN_013,audio/JHN_013.mp3,unknown,unknown,,,417.336,mr,varhadi,scripture,,not_available,unchecked,not_applicable_published,bible.com VAHNT audio Bible (version 3451),"unverified: local research use only, see README Dataset provenance",unassigned
VAHNT_JHN_014,audio/JHN_014.mp3,unknown,unknown,,,356.640,mr,varhadi,scripture,,not_available,unchecked,not_applicable_published,bible.com VAHNT audio Bible (version 3451),"unverified: local research use only, see README Dataset provenance",unassigned
VAHNT_JHN_015,audio/JHN_015.mp3,unknown,unknown,,,308.928,mr,varhadi,scripture,,not_available,unchecked,not_applicable_published,bible.com VAHNT audio Bible (version 3451),"unverified: local research use only, see README Dataset provenance",unassigned
VAHNT_JHN_016,audio/JHN_016.mp3,unknown,unknown,,,366.528,mr,varhadi,scripture,,not_available,unchecked,not_applicable_published,bible.com VAHNT audio Bible (version 3451),"unverified: local research use only, see README Dataset provenance",unassigned
VAHNT_JHN_017,audio/JHN_017.mp3,unknown,unknown,,,290.712,mr,varhadi,scripture,,not_available,unchecked,not_applicable_published,bible.com VAHNT audio Bible (version 3451),"unverified: local research use only, see README Dataset provenance",unassigned
VAHNT_JHN_018,audio/JHN_018.mp3,unknown,unknown,,,445.392,mr,varhadi,scripture,,not_available,unchecked,not_applicable_published,bible.com VAHNT audio Bible (version 3451),"unverified: local research use only, see README Dataset provenance",unassigned
VAHNT_JHN_019,audio/JHN_019.mp3,unknown,unknown,,,514.008,mr,varhadi,scripture,,not_available,unchecked,not_applicable_published,bible.com VAHNT audio Bible (version 3451),"unverified: local research use only, see README Dataset provenance",unassigned
VAHNT_JHN_020,audio/JHN_020.mp3,unknown,unknown,,,321.624,mr,varhadi,scripture,,not_available,unchecked,not_applicable_published,bible.com VAHNT audio Bible (version 3451),"unverified: local research use only, see README Dataset provenance",unassigned
VAHNT_JHN_021,audio/JHN_021.mp3,unknown,unknown,,,322.872,mr,varhadi,scripture,,not_available,unchecked,not_applicable_published,bible.com VAHNT audio Bible (version 3451),"unverified: local research use only, see README Dataset provenance",unassigned
VAHNT_LUK_001,audio/LUK_001.mp3,unknown,unknown,,,879.768,mr,varhadi,scripture,,not_available,unchecked,not_applicable_published,bible.com VAHNT audio Bible (version 3451),"unverified: local research use only, see README Dataset provenance",unassigned
VAHNT_LUK_002,audio/LUK_002.mp3,unknown,unknown,,,596.232,mr,varhadi,scripture,,not_available,unchecked,not_applicable_published,bible.com VAHNT audio Bible (version 3451),"unverified: local research use only, see README Dataset provenance",unassigned
VAHNT_LUK_003,audio/LUK_003.mp3,unknown,unknown,,,558.264,mr,varhadi,scripture,,not_available,unchecked,not_applicable_published,bible.com VAHNT audio Bible (version 3451),"unverified: local research use only, see README Dataset provenance",unassigned
VAHNT_LUK_004,audio/LUK_004.mp3,unknown,unknown,,,543.744,mr,varhadi,scripture,,not_available,unchecked,not_applicable_published,bible.com VAHNT audio Bible (version 3451),"unverified: local research use only, see README Dataset provenance",unassigned
VAHNT_LUK_005,audio/LUK_005.mp3,unknown,unknown,,,534.456,mr,varhadi,scripture,,not_available,unchecked,not_applicable_published,bible.com VAHNT audio Bible (version 3451),"unverified: local research use only, see README Dataset provenance",unassigned
VAHNT_LUK_006,audio/LUK_006.mp3,unknown,unknown,,,671.736,mr,varhadi,scripture,,not_available,unchecked,not_applicable_published,bible.com VAHNT audio Bible (version 3451),"unverified: local research use only, see README Dataset provenance",unassigned
VAHNT_LUK_007,audio/LUK_007.mp3,unknown,unknown,,,611.064,mr,varhadi,scripture,,not_available,unchecked,not_applicable_published,bible.com VAHNT audio Bible (version 3451),"unverified: local research use only, see README Dataset provenance",unassigned
VAHNT_LUK_008,audio/LUK_008.mp3,unknown,unknown,,,797.112,mr,varhadi,scripture,,not_available,unchecked,not_applicable_published,bible.com VAHNT audio Bible (version 3451),"unverified: local research use only, see README Dataset provenance",unassigned
VAHNT_LUK_009,audio/LUK_009.mp3,unknown,unknown,,,794.208,mr,varhadi,scripture,,not_available,unchecked,not_applicable_published,bible.com VAHNT audio Bible (version 3451),"unverified: local research use only, see README Dataset provenance",unassigned
VAHNT_LUK_010,audio/LUK_010.mp3,unknown,unknown,,,525.456,mr,varhadi,scripture,,not_available,unchecked,not_applicable_published,bible.com VAHNT audio Bible (version 3451),"unverified: local research use only, see README Dataset provenance",unassigned
VAHNT_LUK_011,audio/LUK_011.mp3,unknown,unknown,,,693.192,mr,varhadi,scripture,,not_available,unchecked,not_applicable_published,bible.com VAHNT audio Bible (version 3451),"unverified: local research use only, see README Dataset provenance",unassigned
VAHNT_LUK_012,audio/LUK_012.mp3,unknown,unknown,,,696.600,mr,varhadi,scripture,,not_available,unchecked,not_applicable_published,bible.com VAHNT audio Bible (version 3451),"unverified: local research use only, see README Dataset provenance",unassigned
VAHNT_LUK_013,audio/LUK_013.mp3,unknown,unknown,,,513.192,mr,varhadi,scripture,,not_available,unchecked,not_applicable_published,bible.com VAHNT audio Bible (version 3451),"unverified: local research use only, see README Dataset provenance",unassigned
VAHNT_LUK_014,audio/LUK_014.mp3,unknown,unknown,,,446.904,mr,varhadi,scripture,,not_available,unchecked,not_applicable_published,bible.com VAHNT audio Bible (version 3451),"unverified: local research use only, see README Dataset provenance",unassigned
VAHNT_LUK_015,audio/LUK_015.mp3,unknown,unknown,,,406.560,mr,varhadi,scripture,,not_available,unchecked,not_applicable_published,bible.com VAHNT audio Bible (version 3451),"unverified: local research use only, see README Dataset provenance",unassigned
VAHNT_LUK_016,audio/LUK_016.mp3,unknown,unknown,,,467.880,mr,varhadi,scripture,,not_available,unchecked,not_applicable_published,bible.com VAHNT audio Bible (version 3451),"unverified: local research use only, see README Dataset provenance",unassigned
VAHNT_LUK_017,audio/LUK_017.mp3,unknown,unknown,,,450.888,mr,varhadi,scripture,,not_available,unchecked,not_applicable_published,bible.com VAHNT audio Bible (version 3451),"unverified: local research use only, see README Dataset provenance",unassigned
VAHNT_LUK_018,audio/LUK_018.mp3,unknown,unknown,,,467.472,mr,varhadi,scripture,,not_available,unchecked,not_applicable_published,bible.com VAHNT audio Bible (version 3451),"unverified: local research use only, see README Dataset provenance",unassigned
VAHNT_LUK_019,audio/LUK_019.mp3,unknown,unknown,,,536.760,mr,varhadi,scripture,,not_available,unchecked,not_applicable_published,bible.com VAHNT audio Bible (version 3451),"unverified: local research use only, see README Dataset provenance",unassigned
VAHNT_LUK_020,audio/LUK_020.mp3,unknown,unknown,,,545.760,mr,varhadi,scripture,,not_available,unchecked,not_applicable_published,bible.com VAHNT audio Bible (version 3451),"unverified: local research use only, see README Dataset provenance",unassigned
VAHNT_LUK_021,audio/LUK_021.mp3,unknown,unknown,,,452.328,mr,varhadi,scripture,,not_available,unchecked,not_applicable_published,bible.com VAHNT audio Bible (version 3451),"unverified: local research use only, see README Dataset provenance",unassigned
VAHNT_LUK_022,audio/LUK_022.mp3,unknown,unknown,,,736.008,mr,varhadi,scripture,,not_available,unchecked,not_applicable_published,bible.com VAHNT audio Bible (version 3451),"unverified: local research use only, see README Dataset provenance",unassigned
VAHNT_LUK_023,audio/LUK_023.mp3,unknown,unknown,,,624.912,mr,varhadi,scripture,,not_available,unchecked,not_applicable_published,bible.com VAHNT audio Bible (version 3451),"unverified: local research use only, see README Dataset provenance",unassigned
VAHNT_LUK_024,audio/LUK_024.mp3,unknown,unknown,,,527.352,mr,varhadi,scripture,,not_available,unchecked,not_applicable_published,bible.com VAHNT audio Bible (version 3451),"unverified: local research use only, see README Dataset provenance",unassigned
VAHNT_MAT_001,audio/MAT_001.mp3,unknown,unknown,,,292.128,mr,varhadi,scripture,,not_available,unchecked,not_applicable_published,bible.com VAHNT audio Bible (version 3451),"unverified: local research use only, see README Dataset provenance",unassigned
VAHNT_MAT_002,audio/MAT_002.mp3,unknown,unknown,,,331.248,mr,varhadi,scripture,,not_available,unchecked,not_applicable_published,bible.com VAHNT audio Bible (version 3451),"unverified: local research use only, see README Dataset provenance",unassigned
VAHNT_MAT_003,audio/MAT_003.mp3,unknown,unknown,,,208.272,mr,varhadi,scripture,,not_available,unchecked,not_applicable_published,bible.com VAHNT audio Bible (version 3451),"unverified: local research use only, see README Dataset provenance",unassigned
VAHNT_MAT_004,audio/MAT_004.mp3,unknown,unknown,,,296.016,mr,varhadi,scripture,,not_available,unchecked,not_applicable_published,bible.com VAHNT audio Bible (version 3451),"unverified: local research use only, see README Dataset provenance",unassigned
VAHNT_MAT_005,audio/MAT_005.mp3,unknown,unknown,,,514.320,mr,varhadi,scripture,,not_available,unchecked,not_applicable_published,bible.com VAHNT audio Bible (version 3451),"unverified: local research use only, see README Dataset provenance",unassigned
VAHNT_MAT_006,audio/MAT_006.mp3,unknown,unknown,,,405.528,mr,varhadi,scripture,,not_available,unchecked,not_applicable_published,bible.com VAHNT audio Bible (version 3451),"unverified: local research use only, see README Dataset provenance",unassigned
VAHNT_MAT_007,audio/MAT_007.mp3,unknown,unknown,,,304.824,mr,varhadi,scripture,,not_available,unchecked,not_applicable_published,bible.com VAHNT audio Bible (version 3451),"unverified: local research use only, see README Dataset provenance",unassigned
VAHNT_MAT_008,audio/MAT_008.mp3,unknown,unknown,,,422.160,mr,varhadi,scripture,,not_available,unchecked,not_applicable_published,bible.com VAHNT audio Bible (version 3451),"unverified: local research use only, see README Dataset provenance",unassigned
VAHNT_MAT_009,audio/MAT_009.mp3,unknown,unknown,,,432.744,mr,varhadi,scripture,,not_available,unchecked,not_applicable_published,bible.com VAHNT audio Bible (version 3451),"unverified: local research use only, see README Dataset provenance",unassigned
VAHNT_MAT_010,audio/MAT_010.mp3,unknown,unknown,,,448.272,mr,varhadi,scripture,,not_available,unchecked,not_applicable_published,bible.com VAHNT audio Bible (version 3451),"unverified: local research use only, see README Dataset provenance",unassigned
VAHNT_MAT_011,audio/MAT_011.mp3,unknown,unknown,,,333.360,mr,varhadi,scripture,,not_available,unchecked,not_applicable_published,bible.com VAHNT audio Bible (version 3451),"unverified: local research use only, see README Dataset provenance",unassigned
VAHNT_MAT_012,audio/MAT_012.mp3,unknown,unknown,,,560.568,mr,varhadi,scripture,,not_available,unchecked,not_applicable_published,bible.com VAHNT audio Bible (version 3451),"unverified: local research use only, see README Dataset provenance",unassigned
VAHNT_MAT_013,audio/MAT_013.mp3,unknown,unknown,,,644.832,mr,varhadi,scripture,,not_available,unchecked,not_applicable_published,bible.com VAHNT audio Bible (version 3451),"unverified: local research use only, see README Dataset provenance",unassigned
VAHNT_MAT_014,audio/MAT_014.mp3,unknown,unknown,,,352.128,mr,varhadi,scripture,,not_available,unchecked,not_applicable_published,bible.com VAHNT audio Bible (version 3451),"unverified: local research use only, see README Dataset provenance",unassigned
VAHNT_MAT_015,audio/MAT_015.mp3,unknown,unknown,,,364.176,mr,varhadi,scripture,,not_available,unchecked,not_applicable_published,bible.com VAHNT audio Bible (version 3451),"unverified: local research use only, see README Dataset provenance",unassigned
VAHNT_MAT_016,audio/MAT_016.mp3,unknown,unknown,,,318.960,mr,varhadi,scripture,,not_available,unchecked,not_applicable_published,bible.com VAHNT audio Bible (version 3451),"unverified: local research use only, see README Dataset provenance",unassigned
VAHNT_MAT_017,audio/MAT_017.mp3,unknown,unknown,,,298.296,mr,varhadi,scripture,,not_available,unchecked,not_applicable_published,bible.com VAHNT audio Bible (version 3451),"unverified: local research use only, see README Dataset provenance",unassigned
VAHNT_MAT_018,audio/MAT_018.mp3,unknown,unknown,,,390.216,mr,varhadi,scripture,,not_available,unchecked,not_applicable_published,bible.com VAHNT audio Bible (version 3451),"unverified: local research use only, see README Dataset provenance",unassigned
VAHNT_MAT_019,audio/MAT_019.mp3,unknown,unknown,,,333.072,mr,varhadi,scripture,,not_available,unchecked,not_applicable_published,bible.com VAHNT audio Bible (version 3451),"unverified: local research use only, see README Dataset provenance",unassigned
VAHNT_MAT_020,audio/MAT_020.mp3,unknown,unknown,,,370.224,mr,varhadi,scripture,,not_available,unchecked,not_applicable_published,bible.com VAHNT audio Bible (version 3451),"unverified: local research use only, see README Dataset provenance",unassigned
VAHNT_MAT_021,audio/MAT_021.mp3,unknown,unknown,,,510.600,mr,varhadi,scripture,,not_available,unchecked,not_applicable_published,bible.com VAHNT audio Bible (version 3451),"unverified: local research use only, see README Dataset provenance",unassigned
VAHNT_MAT_022,audio/MAT_022.mp3,unknown,unknown,,,381.264,mr,varhadi,scripture,,not_available,unchecked,not_applicable_published,bible.com VAHNT audio Bible (version 3451),"unverified: local research use only, see README Dataset provenance",unassigned
VAHNT_MAT_023,audio/MAT_023.mp3,unknown,unknown,,,467.832,mr,varhadi,scripture,,not_available,unchecked,not_applicable_published,bible.com VAHNT audio Bible (version 3451),"unverified: local research use only, see README Dataset provenance",unassigned
VAHNT_MAT_024,audio/MAT_024.mp3,unknown,unknown,,,481.248,mr,varhadi,scripture,,not_available,unchecked,not_applicable_published,bible.com VAHNT audio Bible (version 3451),"unverified: local research use only, see README Dataset provenance",unassigned
VAHNT_MAT_025,audio/MAT_025.mp3,unknown,unknown,,,455.064,mr,varhadi,scripture,,not_available,unchecked,not_applicable_published,bible.com VAHNT audio Bible (version 3451),"unverified: local research use only, see README Dataset provenance",unassigned
VAHNT_MAT_026,audio/MAT_026.mp3,unknown,unknown,,,754.680,mr,varhadi,scripture,,not_available,unchecked,not_applicable_published,bible.com VAHNT audio Bible (version 3451),"unverified: local research use only, see README Dataset provenance",unassigned
VAHNT_MAT_027,audio/MAT_027.mp3,unknown,unknown,,,669.696,mr,varhadi,scripture,,not_available,unchecked,not_applicable_published,bible.com VAHNT audio Bible (version 3451),"unverified: local research use only, see README Dataset provenance",unassigned
VAHNT_MAT_028,audio/MAT_028.mp3,unknown,unknown,,,222.312,mr,varhadi,scripture,,not_available,unchecked,not_applicable_published,bible.com VAHNT audio Bible (version 3451),"unverified: local research use only, see README Dataset provenance",unassigned
VAHNT_MRK_001,audio/MRK_001.mp3,unknown,unknown,,,539.208,mr,varhadi,scripture,,not_available,unchecked,not_applicable_published,bible.com VAHNT audio Bible (version 3451),"unverified: local research use only, see README Dataset provenance",unassigned
VAHNT_MRK_002,audio/MRK_002.mp3,unknown,unknown,,,371.712,mr,varhadi,scripture,,not_available,unchecked,not_applicable_published,bible.com VAHNT audio Bible (version 3451),"unverified: local research use only, see README Dataset provenance",unassigned
VAHNT_MRK_003,audio/MRK_003.mp3,unknown,unknown,,,367.848,mr,varhadi,scripture,,not_available,unchecked,not_applicable_published,bible.com VAHNT audio Bible (version 3451),"unverified: local research use only, see README Dataset provenance",unassigned
VAHNT_MRK_004,audio/MRK_004.mp3,unknown,unknown,,,450.720,mr,varhadi,scripture,,not_available,unchecked,not_applicable_published,bible.com VAHNT audio Bible (version 3451),"unverified: local research use only, see README Dataset provenance",unassigned
VAHNT_MRK_005,audio/MRK_005.mp3,unknown,unknown,,,418.824,mr,varhadi,scripture,,not_available,unchecked,not_applicable_published,bible.com VAHNT audio Bible (version 3451),"unverified: local research use only, see README Dataset provenance",unassigned
VAHNT_MRK_006,audio/MRK_006.mp3,unknown,unknown,,,646.152,mr,varhadi,scripture,,not_available,unchecked,not_applicable_published,bible.com VAHNT audio Bible (version 3451),"unverified: local research use only, see README Dataset provenance",unassigned
VAHNT_MRK_007,audio/MRK_007.mp3,unknown,unknown,,,389.856,mr,varhadi,scripture,,not_available,unchecked,not_applicable_published,bible.com VAHNT audio Bible (version 3451),"unverified: local research use only, see README Dataset provenance",unassigned
VAHNT_MRK_008,audio/MRK_008.mp3,unknown,unknown,,,420.936,mr,varhadi,scripture,,not_available,unchecked,not_applicable_published,bible.com VAHNT audio Bible (version 3451),"unverified: local research use only, see README Dataset provenance",unassigned
VAHNT_MRK_009,audio/MRK_009.mp3,unknown,unknown,,,572.160,mr,varhadi,scripture,,not_available,unchecked,not_applicable_published,bible.com VAHNT audio Bible (version 3451),"unverified: local research use only, see README Dataset provenance",unassigned
VAHNT_MRK_010,audio/MRK_010.mp3,unknown,unknown,,,558.936,mr,varhadi,scripture,,not_available,unchecked,not_applicable_published,bible.com VAHNT audio Bible (version 3451),"unverified: local research use only, see README Dataset provenance",unassigned
VAHNT_MRK_011,audio/MRK_011.mp3,unknown,unknown,,,373.536,mr,varhadi,scripture,,not_available,unchecked,not_applicable_published,bible.com VAHNT audio Bible (version 3451),"unverified: local research use only, see README Dataset provenance",unassigned
VAHNT_MRK_012,audio/MRK_012.mp3,unknown,unknown,,,564.240,mr,varhadi,scripture,,not_available,unchecked,not_applicable_published,bible.com VAHNT audio Bible (version 3451),"unverified: local research use only, see README Dataset provenance",unassigned
VAHNT_MRK_013,audio/MRK_013.mp3,unknown,unknown,,,435.360,mr,varhadi,scripture,,not_available,unchecked,not_applicable_published,bible.com VAHNT audio Bible (version 3451),"unverified: local research use only, see README Dataset provenance",unassigned
VAHNT_MRK_014,audio/MRK_014.mp3,unknown,unknown,,,772.032,mr,varhadi,scripture,,not_available,unchecked,not_applicable_published,bible.com VAHNT audio Bible (version 3451),"unverified: local research use only, see README Dataset provenance",unassigned
VAHNT_MRK_015,audio/MRK_015.mp3,unknown,unknown,,,527.304,mr,varhadi,scripture,,not_available,unchecked,not_applicable_published,bible.com VAHNT audio Bible (version 3451),"unverified: local research use only, see README Dataset provenance",unassigned
VAHNT_MRK_016,audio/MRK_016.mp3,unknown,unknown,,,240.072,mr,varhadi,scripture,,not_available,unchecked,not_applicable_published,bible.com VAHNT audio Bible (version 3451),"unverified: local research use only, see README Dataset provenance",unassigned
