chunk_index,start_sec,end_sec,prediction,status,error_message
0,0.000,24.863, मार्क अध्याय पाच गर्सेकच्या देशात येशू भूत लागलेल्या माणसाला बरं करते मग येशू व त्याचे शिष्य समुद्राच्या तिकडल्या बाजूला गर्सेकर लोकांच्या प्रांतात पोहोचले आणि जेव्हा तो डोंग्यातून खाली उतरला तेव्हा लगेच एक भूत लागलेला माणूस गुपेतून निघून त्याच्यापाशी आला,ok,
1,24.863,47.425, तो गुपेत रायत होता आणिन त्याला साखयदांडान पण कोणी बांधू शकत नव्हतं काऊन की त्याला लयखेप साखयदांडान बांधलं होतं तरी त्यान साखय दांड तोडून टाकले होते अन् साखरदांडाचे तुकडे टुकडे केले होते अ त्याला कोणी पण वशात करू शकत नव्हतं तो नेहमी रातदिवसा गुपेत अन् पहाळावर राहून,ok,
2,47.425,75.838, कल्ला करत होता व गोट्यान आपल्या अंगाला ठेचत होता जव्हा त्याने येशूले दुरून पायलं तो धावत पयत त्याच्या जवळ आला अन् येशूले नमन केलं अन् जोरात कल्ला करून म्हणला हे येशू सर्वशक्तिमान देवाच्या पोरा तू माझ्या कामात अडथळे कायले आणत मी तुले देवाची शपथ देतो मले तरास देऊ नकू कौन की येशू त्याला म्हणत होता हे भूतात्म्या या माणसातून नीक,ok,
3,75.838,99.375, येशून त्याला विचारलं पियावालं नाव काय हाय त्यान त्याला उत्तर दिलं मायावालं नाव सैन्य हाय काउन की आम्ही आतमध्ये लय जणाव आम्हाला या गणेसराच्या प्रांतातून बाहेर नका पाटू अशी तो येशूला आग्रहाची विनंती करत होता तर ती पहळाच्या बाजूला डुकऱ्याचा एक मोठा कळप चरून राहिला होता,ok,
4,99.375,120.963, तेव्हा भुताईने त्याला विनंती केली की आम्हाला त्या डुकराईत पाठवून दे की आम्ही त्याईच्या अंदर राहू मग येशूने त्याईला परवानगी दिली तेव्हा ते भूतात्मे त्याच्यातून निघून डुकराईच्या अंदर घुसले अन तो सुमारे दोन हजार डुकराईचा कळप होता तो धावत समुद्राच्या काटावरून पयाला अन पाण्यात डुबून मेला,ok,
5,120.963,142.950, तेव्हा हे पाहून डुकर चारणारे पयाले व गावात जाऊन भोंबाटा करून लोकयले या घटनेच्या बाऱ्यात सांगू लागले जे झालं होत ते पाहले लोक येशूपाशी आले तेव्हा लोकईन ज्याला भूत लागला होता तो सुिद्धीवर येऊन व कपडे घालून बसलेला पाहिलं आणिन लोक त्याला पाहून भेले ज्यान हे पाहिलं की,ok,
6,142.950,168.287, ज्याच्यात भूत होता अन त्या डुकऱ्याच्या बाऱ्यात सगळ खर त्याने सांगितलं तेव्हा लोकाईने येशूला विनंती केली अन म्हटलं आमच्या गावातून निघून जााय मग येशू जेव्हा डोंग्यात बसून राहिला होता तेव्हा ज्या माणसाला भूत लागला होता त्यान त्याला विनंती करून म्हटलं मले पण तुयावाल्यासोबत राहू दे पण येशून त्याला मना केलं अन त्याला म्हटलं,ok,
7,168.287,188.400, तू तुझ्यावाल्या घरी जाऊन तुया लोकालाच सांग की प्रभूने तुझ्यासाठी काय काम केलं व तुझवर कशी दया केली तेव्हा तो जाऊनडिकापोलीस प्रांतात प्रचार करू लागला की येशून लय मोठे काम त्याच्यासाठी केले हे ऐकून लोकाईला नवल वाटले,ok,
8,188.400,211.912, यायराची मेलेली पोरगी व रक्तस्रावाने बिमार बई एक डाव वापस येशू डोंग्यात बसून गालील समुद्राच्या दुसऱ्या किनाऱ्यावर वापस गेला तेव्हा त्याच्यापाशी लोकांची मोठी गर्दी जमा झाली अन तो समुद्राच्या काठावर होता तेव्हा याईर नावाचा ए धार्मिक सभास्थानाचा अधिकारी आला व तो येशूला पाहून,ok,
9,211.912,234.900, त्याच्यासमोर टोंगे टेकून पाया लागला त्याने हे म्हणून येशूला विनंती केली की मायाली लायनी पोरगी मरून राहिली हाय आणिन तू येऊन तिच्यावर हात ठेव की ती चांगली झाली पाहिजे मग येशू त्याच्यासंग जाऊन राहिला होता तेव्हा लोकांची खूप मोठी गर्दी त्याच्या मागे चालत होती इथपर्यंत की लोक एकमेकला धक्के देऊ लागले,ok,
10,234.900,262.962, अन त ती एक बाई होती जिले बारा वर्षांपासून रक्तस्रावाची बिमारी होती अन तिन बऱ्याच वैद्यपासून लय हाल सोसून आपल्या जवळचा सगळा पैसा गमावून टाकला होता पण त्याचा तिला काहीच फायदा झाला नव्हता याउलट ती अजून जास्त बीमार झाली होती जेव्हा तिने येशूच्या कामाबद्दल ऐकलं ती त्या गर्दीत गेली आणि येशूच्या मागून येऊन त्याच्या कपड्याला पर्श केला,ok,
11,262.962,290.325, काउन की ती मणत होती जर मी त्याचे कपड्याला हात लावीन तर चांगली होऊन जाईन अन् तव्हाच तिचे रक्त वायणं बंद झालं अन तिनं आपल्या शरीरात जाणलं की मी ह्या बिमारीपासून बरी झाली आहे येशूनं पटकनच आपल्या मनात जाणलं मायातून सामर्थ निघाली आहे अन त्यानं गर्दीत वडून मागं पाळलं अव म्हतलं माया कपड्याला कोण हात लावला तव्हा शिष्याईनं येशूले म्हतलं,ok,
12,290.325,311.663, लोक तुझभोवताल गर्दी करून तुझवर पडून राहिले हाय हे तू पायत हाय तरी तू म्हणतो मले कोण हात लावला मग येशूने हे पायासाठी की कोण हे काम केलं चारही दिशेने फिरून पाहिलं तेव्हा त्या बाईला मालूम झालत की ती येशूच्यान बरी झाली हाय ती भेदभेद समोर आली अन,ok,
13,311.663,334.325, येशूला टोंगे टेकून पाया लागली तिच्या बाबतीत जे काही घडलं ते तिनं खरखरच सांगितलं तेव्हा येशूने तिले म्हटलं हे पोरी तुयावाल्या विश्वासने तू बरी झाली हाय शांतीने जाय अन तू या बिमारीपासून वाचवून राय जेव्हा येशू हे म्हणतच होता की तेवढ्याच धार्मिक सभास्थानाचा अधिकाऱ्याच्या घरून काही माणसाने येऊन,ok,
14,334.325,363.363, सभास्थानाच्या अधिकाऱ्याला सांगू लागले तुयली पोरगी मेली हाय आता गुरुजीला त्रास देऊ नको जे काही ते माणस बोलले त्याच्या इकडे येशूने ध्यान न देता धार्मिक सभास्थानाच्या अधिकाऱ्याला म्हटलं भेऊ नको फक्त मायावर विश्वास ठेव तव्हा येशूनं पत्रास याकोब आणि याकोबाचा भाऊ युहान फक्त याईलेच आपल्यासोबत घेतलं मग ते धार्मिक सभास्थानाच्या अधिकाऱ्याच्या घरात आल्यावर त्यान लय लोकयला मोठ्या मोठ्यान,ok,
15,363.363,389.875, रलताना अन् बोंबलताना पायलं इशून अंदर जाऊन त्यायले म्हटलं तुम्ही कायले गळबळ करून राहिले अन् रडून राहिले ती पोरगी मेली नाही पण झोपलेली हाय पण ते त्याला हासून त्याची थट्टा करायला लागले पण त्यानं त्या सगळ्याला घराच्या बाहेर काढून दिलं अन् पोरीच मायबाप अन् आपल्या सोबतच्या तीन शिष्यैले घेऊन जर ती पोरगी होती तर ती अंदर घरात गेला,ok,
16,389.875,418.824, अन् पोरीच्या हाताला पकडून आपल्या भाषेत म्हटलं तलिता कुम याचा अर्थ हा हाय पोरी मी तुले सांगतो उट अन् ती पोरगी पटकन उठून चालू फिरू लागली काउन की ते बारा वर्षाची होती तेव्हा लोक हापचक झाले मग येशून पोरीच्या मायबापाला समजावून आज्ञा देऊन म्हटलं अति जे झालं हे कोणाला पण सांगू नका अन् म्हटलं इले काई जेवला द्या,ok,
